first_name,last_name,email,company_name
Milka,Schimek,mschimek0@narod.ru,"Kerluke, Weimann and Huels"
Corette,Death,cdeath1@sphinn.com,Kassulke Group
Lisetta,Larkkem,llarkkem2@zdnet.com,Bashirian Inc
Josephina,Lyptrade,jlyptrade3@seesaa.net,Roberts-Turcotte
Bradley,McKue,bmckue4@psu.edu,Ferry LLC
Borden,Catling,bcatling5@craigslist.org,Pfannerstill and Sons
Richmound,Fiddymont,rfiddymont6@msu.edu,Lueilwitz and Sons
Reeva,Skirrow,rskirrow7@nsw.gov.au,Halvorson-Klein
Demetri,Sushams,dsushams8@cisco.com,"White, Bauch and Stracke"
Vic,Burel,vburel9@surveymonkey.com,"Keeling, Schaden and Shields"
Odey,Scorey,oscoreya@miibeian.gov.cn,"Parisian, Goyette and Frami"
Carlo,Pawelek,cpawelekb@github.io,Rolfson-Walter
Jud,Langer,jlangerc@cafepress.com,Runolfsson-Schumm
Dal,Geroldi,dgeroldid@bbb.org,Effertz-Ruecker
Sheela,Pellingar,spellingare@comsenz.com,Sawayn-Leannon
Keene,Matteoli,kmatteolif@360.cn,McCullough LLC
Giovanni,Slatter,gslatterg@list-manage.com,Heidenreich and Sons
Eldin,Torns,etornsh@ovh.net,Cummings-Pfannerstill
Jase,Pardie,jpardiei@xing.com,Robel LLC
Nixie,Geare,ngearej@amazon.co.jp,"Willms, Witting and Boehm"
Sully,Wreak,swreakk@yale.edu,Lesch-Morissette
Dory,Yakushkin,dyakushkinl@spiegel.de,Tremblay-Adams
Cynthea,Ricketts,crickettsm@salon.com,"Prosacco, Koelpin and Ziemann"
Dale,Rawlyns,drawlynsn@pinterest.com,"Daniel, Nienow and Heaney"
Eryn,Chilley,echilleyo@theguardian.com,Reichel-Runolfsson
Viv,Ilett,vilettp@elegantthemes.com,"Runolfsdottir, Witting and Mann"
Elita,Stainson,estainsonq@ed.gov,Cormier Group
Thurston,Imlin,timlinr@google.de,Hilpert-Swift
Anissa,Garlinge,agarlinges@archive.org,"Moore, Kohler and Block"
Wald,Garci,wgarcit@i2i.jp,"Emard, Pfeffer and Bogisich"
Rod,Berthome,rberthomeu@smh.com.au,Krajcik-Gislason
Jeramie,Wressell,jwressellv@sogou.com,Olson-Homenick
Glen,Wimbury,gwimburyw@mashable.com,Goldner LLC
Angeli,Greene,agreenex@com.com,Kuphal Group
Gonzalo,Emmison,gemmisony@blinklist.com,"Sporer, Schmidt and Kilback"
Felicia,Sehorsch,fsehorschz@1688.com,"Marks, Heathcote and Schuppe"
Kort,Tainton,ktainton10@wix.com,Cronin-Goyette
Venita,Emanulsson,vemanulsson11@51.la,"Hammes, Stehr and Botsford"
Billie,Rubroe,brubroe12@about.me,Hirthe Group
Leandra,Vsanelli,lvsanelli13@i2i.jp,Herzog-Rowe
Sherlocke,Le Barre,slebarre14@jigsy.com,"Schamberger, Rohan and Rohan"
Grange,Stuckley,gstuckley15@bluehost.com,Ortiz Group
Rozele,Philippsohn,rphilippsohn16@reverbnation.com,Lowe-Murphy
Hadleigh,Balsdon,hbalsdon17@xinhuanet.com,Lehner-Baumbach
Bank,Snaith,bsnaith18@ycombinator.com,Bartell and Sons
Agnesse,Bulled,abulled19@mail.ru,"Robel, Hickle and Farrell"
Avis,Lamberts,alamberts1a@amazon.com,Lind LLC
Carmela,Ensley,censley1b@telegraph.co.uk,"Fadel, Bins and Bins"
Tony,Burmaster,tburmaster1c@sun.com,"Crooks, Beer and West"
Nananne,Traher,ntraher1d@printfriendly.com,Harvey-Purdy
Mickie,Mac Geaney,mmacgeaney1e@cnn.com,"Dooley, Howell and Bashirian"
Tripp,Parysiak,tparysiak1f@yelp.com,Huel-Weissnat
Jacklyn,Batters,jbatters1g@people.com.cn,Mertz Inc
Reinhold,Blackmuir,rblackmuir1h@hexun.com,"Lowe, Konopelski and Yundt"
Town,Knapton,tknapton1i@vk.com,Larson LLC
Lorne,Nicol,lnicol1j@about.me,"Hodkiewicz, Steuber and Boyer"
Xever,Conneely,xconneely1k@skyrock.com,Jaskolski-Ernser
Benita,Burmingham,bburmingham1l@google.fr,Johnston-Dach
Aurthur,Shickle,ashickle1m@slashdot.org,"Kirlin, Willms and Pacocha"
Nicole,Antrobus,nantrobus1n@miitbeian.gov.cn,"Corwin, Barton and Parisian"
Eberto,Guerro,eguerro1o@discovery.com,Ratke LLC
Sophronia,Robiou,srobiou1p@princeton.edu,"Gutmann, Hamill and Lindgren"
Laurence,Wanek,lwanek1q@arstechnica.com,Torphy-Becker
Grady,MacKenny,gmackenny1r@xing.com,Erdman Inc
Nathan,Glasbey,nglasbey1s@whitehouse.gov,Berge-Ratke
Keven,Copper,kcopper1t@bigcartel.com,Ward-Schulist
Jefferson,Foster-Smith,jfostersmith1u@timesonline.co.uk,"White, Jast and Ledner"
Jan,Blincoe,jblincoe1v@ucsd.edu,Senger-Tromp
Freda,Pear,fpear1w@reference.com,Heathcote-Hamill
Ephraim,Hodge,ehodge1x@craigslist.org,Dickinson Inc
Yolanda,Donaho,ydonaho1y@blogger.com,Wunsch Inc
Mollie,Grimwade,mgrimwade1z@yahoo.com,Schultz-Hickle
Bentlee,Cowton,bcowton20@desdev.cn,"Adams, Auer and Aufderhar"
Delores,Scotti,dscotti21@theglobeandmail.com,Waters-Rippin
Maurise,Boyen,mboyen22@psu.edu,"Reichert, Pfeffer and Leuschke"
Violetta,Bigadike,vbigadike23@usatoday.com,Zulauf-Graham
Janela,Burman,jburman24@ning.com,Strosin LLC
Annemarie,Lerigo,alerigo25@eventbrite.com,"Howe, Gulgowski and Gerhold"
Bette-ann,Sarll,bsarll26@wufoo.com,Abshire Group
Kent,Eadon,keadon27@google.fr,"Halvorson, Reynolds and Mann"
Giff,Rehorek,grehorek28@freewebs.com,"Lehner, Stroman and Pagac"
Dian,Beckles,dbeckles29@ask.com,"Jakubowski, Deckow and Cummerata"
Rebecka,Fullicks,rfullicks2a@networksolutions.com,"Rath, Jerde and Rowe"
Avril,Pietranek,apietranek2b@de.vu,Windler-Bode
Lind,Fiddian,lfiddian2c@discovery.com,"Pagac, Welch and Stark"
Nikki,McReynold,nmcreynold2d@un.org,"Von, Cummings and Koelpin"
Marney,Thorby,mthorby2e@icq.com,"Mayer, Gusikowski and Dach"
Cheryl,Devon,cdevon2f@wsj.com,"Sporer, Yost and Schiller"
Dianna,Drane,ddrane2g@si.edu,Blanda LLC
Jeffie,Planks,jplanks2h@myspace.com,"Bergnaum, Hagenes and Zulauf"
Kirk,Whitwham,kwhitwham2i@t.co,Lind-Stehr
Dorri,Ferreiro,dferreiro2j@nationalgeographic.com,"MacGyver, Bins and Grimes"
Ansel,Sans,asans2k@google.cn,"Prosacco, Rodriguez and Herman"
Matthus,Weathey,mweathey2l@reverbnation.com,Wisoky and Sons
Liesa,Nicholas,lnicholas2m@discuz.net,Ortiz and Sons
Jeffie,Pashen,jpashen2n@nytimes.com,"Dare, Hoppe and Brakus"
Clayson,Reicharz,creicharz2o@bloglines.com,"Wyman, Christiansen and Heller"
Lamar,Swatton,lswatton2p@google.cn,"Maggio, Carter and Stroman"
Fidelity,Piel,fpiel2q@ow.ly,Auer-Auer
Ellen,Carstairs,ecarstairs2r@senate.gov,Stoltenberg Group
Brion,Fareweather,bfareweather2s@ucoz.ru,"Smitham, Durgan and Kuhlman"
Kaye,Mulvihill,kmulvihill2t@guardian.co.uk,Adams-Harber
Carolann,Crease,ccrease2u@gnu.org,Stehr-Volkman
Noella,Simmings,nsimmings2v@wordpress.com,"Parisian, Howell and Langosh"
Eugen,MacCumiskey,emaccumiskey2w@wp.com,Steuber Group
Khalil,Petters,kpetters2x@webs.com,"Runolfsson, Mohr and Champlin"
Harley,Parish,hparish2y@github.com,Rowe-Ebert
Hilly,Kemster,hkemster2z@bbb.org,"Ankunding, Bins and Krajcik"
Selia,Watman,swatman30@typepad.com,"McKenzie, Yost and Balistreri"
Belvia,Everwin,beverwin31@buzzfeed.com,"Heidenreich, Swaniawski and Morar"
Roderick,Desborough,rdesborough32@goo.ne.jp,Witting-Padberg
Gerhardine,Aires,gaires33@moonfruit.com,Wisoky-Mayer
Wynne,Deviney,wdeviney34@clickbank.net,Daniel Inc
Viviana,Somerbell,vsomerbell35@cornell.edu,Huel-Heller
Ezmeralda,Smalls,esmalls36@un.org,Collins-Beier
Merle,De Gregoli,mdegregoli37@rediff.com,Dietrich and Sons
Land,Le Franc,llefranc38@canalblog.com,MacGyver Inc
Oliy,Lissandrini,olissandrini39@topsy.com,Bergstrom-Bergstrom
Cobby,Giorgini,cgiorgini3a@wikimedia.org,Rolfson LLC
Alfie,Annott,aannott3b@themeforest.net,"Emmerich, Hudson and Dare"
Alain,D'Ambrogi,adambrogi3c@google.ru,"Gulgowski, Mohr and Miller"
Francene,Sandall,fsandall3d@nifty.com,Walker-Pfeffer
Cami,Braganca,cbraganca3e@youtu.be,Mayer LLC
Arch,Emanueli,aemanueli3f@soup.io,"Gibson, Carter and Schiller"
Coralie,Borth,cborth3g@homestead.com,Graham Inc
Ellery,Denkin,edenkin3h@salon.com,Schaden and Sons
Hilary,Barnwall,hbarnwall3i@rakuten.co.jp,Windler-Mills
Ernie,Filippone,efilippone3j@nsw.gov.au,Waelchi-O'Hara
Cathrine,Gummary,cgummary3k@pagesperso-orange.fr,Harris LLC
Kasey,Brahmer,kbrahmer3l@wikipedia.org,Tromp Inc
Lucine,Petel,lpetel3m@java.com,Adams Inc
Brittney,Sidey,bsidey3n@washington.edu,Yost Group
Abbey,Giroldi,agiroldi3o@china.com.cn,"Medhurst, Crooks and Kozey"
Ransom,Dafter,rdafter3p@go.com,Deckow-Bernier
Delora,Larcier,dlarcier3q@freewebs.com,Wyman-Weissnat
Beverlie,Hounson,bhounson3r@discuz.net,"Hermann, Rogahn and Weissnat"
Lindon,Jirus,ljirus3s@scientificamerican.com,Sauer Group
Berri,Poles,bpoles3t@webnode.com,Cassin Inc
Doris,Albin,dalbin3u@oaic.gov.au,"Wunsch, Graham and Schultz"
Adiana,Dowall,adowall3v@army.mil,Brakus-Ziemann
Judie,Shorland,jshorland3w@imdb.com,Beer-Howell
Karney,Smales,ksmales3x@auda.org.au,Raynor Group
Madalyn,Alvis,malvis3y@ucoz.com,Bernhard-Kohler
Tracie,Rumgay,trumgay3z@yellowbook.com,"Braun, Gulgowski and Jacobi"
Merrill,Beminster,mbeminster40@cafepress.com,"Kshlerin, Kozey and Hessel"
Rosemaria,Middlebrook,rmiddlebrook41@bing.com,Rogahn LLC
Alyss,Maffucci,amaffucci42@flickr.com,Lockman-Hoeger
Shep,Trowbridge,strowbridge43@php.net,Halvorson-Lueilwitz
Curtis,Adamolli,cadamolli44@constantcontact.com,Daniel Inc
Marlene,Forsdike,mforsdike45@yellowpages.com,"McClure, Weimann and Lemke"
Elsbeth,Crippes,ecrippes46@umich.edu,Larson LLC
Sharleen,Dumbreck,sdumbreck47@desdev.cn,"Weber, Gorczany and Shields"
Dolf,Robertacci,drobertacci48@nhs.uk,Buckridge and Sons
Thor,Fricke,tfricke49@sourceforge.net,Casper-Jerde
Ivan,MacShirie,imacshirie4a@desdev.cn,Gerlach-Cronin
Ari,Buckenhill,abuckenhill4b@illinois.edu,Huels-Will
Noell,Coulthard,ncoulthard4c@arizona.edu,Schmidt and Sons
Marie-ann,Crigin,mcrigin4d@dailymotion.com,Kassulke Inc
Adelheid,Petrello,apetrello4e@discovery.com,"Lesch, Ratke and Littel"
Tiebout,Catto,tcatto4f@who.int,Barrows-Schaefer
Claudina,Shales,cshales4g@mail.ru,Reilly-Beahan
Antonetta,Corradi,acorradi4h@istockphoto.com,Erdman-West
Darelle,Scolland,dscolland4i@is.gd,Harris LLC
Thalia,Rabbitt,trabbitt4j@hhs.gov,Smitham-Donnelly
Gibb,Corre,gcorre4k@hatena.ne.jp,Hintz Group
Kassi,Robic,krobic4l@hostgator.com,"Corkery, Gerlach and Roberts"
Benjamin,Martusewicz,bmartusewicz4m@marriott.com,"Goldner, Cummings and Weimann"
Abra,Ivison,aivison4n@boston.com,Macejkovic-Schmitt
Valencia,Routley,vroutley4o@sun.com,Toy-Cartwright
Aigneis,Hekkert,ahekkert4p@ibm.com,Blick-Rodriguez
Blakeley,Barling,bbarling4q@hhs.gov,Luettgen-Zulauf
Vasily,Gimbrett,vgimbrett4r@mediafire.com,Becker Group
Roma,Vanichev,rvanichev4s@chicagotribune.com,Friesen-Huel
Jany,McDaid,jmcdaid4t@edublogs.org,Langosh and Sons
Dennison,Olman,dolman4u@vk.com,Sipes-Padberg
Charity,Gillimgham,cgillimgham4v@nbcnews.com,Rogahn-Wiegand
Alissa,Joscelyn,ajoscelyn4w@noaa.gov,"Fritsch, Schaden and Sporer"
Newton,Bothram,nbothram4x@washington.edu,Rowe and Sons
Amabelle,Farncomb,afarncomb4y@last.fm,"Doyle, Harris and Halvorson"
Christyna,O'Doherty,codoherty4z@bigcartel.com,"Cruickshank, Herzog and Lueilwitz"
Alfy,Bools,abools50@google.de,Rath-Olson
Deanne,Sambrok,dsambrok51@friendfeed.com,Kozey-Littel
Thomasina,McKea,tmckea52@columbia.edu,Willms-Haag
Care,Tokley,ctokley53@weebly.com,"Bruen, Kertzmann and Cummings"
Craggy,Purselowe,cpurselowe54@si.edu,"Blick, Barrows and Hegmann"
Jacquenetta,Yexley,jyexley55@barnesandnoble.com,Rowe LLC
Adele,Kollaschek,akollaschek56@nyu.edu,"Stokes, Murray and Cruickshank"
Virginia,Hallor,vhallor57@addtoany.com,Ortiz Inc
Lindsy,Brawson,lbrawson58@typepad.com,Ziemann-Pollich
Constance,Hatwells,chatwells59@tumblr.com,"Bergstrom, Schroeder and Rodriguez"
Fairlie,Shaxby,fshaxby5a@state.tx.us,"Dickens, Beier and Toy"
Winifield,Bywater,wbywater5b@bluehost.com,"Prosacco, Schinner and Walter"
Cris,Foran,cforan5c@apple.com,"Bashirian, Schuppe and Gaylord"
Nertie,Komorowski,nkomorowski5d@latimes.com,"Tillman, Hahn and Mraz"
Harriette,Espinet,hespinet5e@ted.com,"Bergstrom, Trantow and Kertzmann"
Barny,Hanratty,bhanratty5f@addthis.com,"Goyette, Schinner and Pollich"
Derby,Wiper,dwiper5g@angelfire.com,Stokes LLC
Olenka,Piatkow,opiatkow5h@washington.edu,Sawayn Inc
Zoe,Pryor,zpryor5i@oracle.com,Bednar Group
Editha,Bartelli,ebartelli5j@ucoz.com,Kuphal-Hayes
Robbie,Wentworth,rwentworth5k@cbsnews.com,"Rohan, Harvey and Lockman"
Haily,Fennelow,hfennelow5l@moonfruit.com,Lind-Dare
Malissia,Harvison,mharvison5m@abc.net.au,McDermott and Sons
Robenia,Benfield,rbenfield5n@reference.com,Paucek-Wilderman
Elroy,McDell,emcdell5o@yahoo.com,Howe-Cummings
Colan,Belding,cbelding5p@twitter.com,Feil-Schiller
Marnia,Simyson,msimyson5q@cyberchimps.com,Smitham Group
Conny,Sentinella,csentinella5r@php.net,Kutch-Adams
Dalt,Elliman,delliman5s@cafepress.com,"Cruickshank, Rempel and Padberg"
Neille,Rysdale,nrysdale5t@paypal.com,"Ferry, Kassulke and Kuhlman"
Cammie,Wressell,cwressell5u@seattletimes.com,Ward and Sons
Diarmid,Culverhouse,dculverhouse5v@boston.com,Prosacco and Sons
Gilly,Loyley,gloyley5w@naver.com,Reichert Inc
Helaina,Eate,heate5x@wisc.edu,Rath Group
Karoline,Chaster,kchaster5y@cdc.gov,Rau Group
Rasla,Sollowaye,rsollowaye5z@kickstarter.com,"Bruen, O'Reilly and Herzog"
Connor,Moroney,cmoroney60@nytimes.com,Kuhlman Inc
Lizette,Mation,lmation61@si.edu,"Buckridge, Monahan and Corkery"
Oswald,Harring,oharring62@g.co,"Green, Medhurst and Stoltenberg"
Pierson,Garrett,pgarrett63@google.com.br,"McKenzie, Grant and Conroy"
Agata,Tolomei,atolomei64@go.com,"Adams, Goyette and Fritsch"
Nat,Drillot,ndrillot65@digg.com,Fisher and Sons
Hoyt,Aronow,haronow66@squidoo.com,Wilderman LLC
Thornton,McNee,tmcnee67@thetimes.co.uk,Bartoletti and Sons
Alfi,Mickleburgh,amickleburgh68@miitbeian.gov.cn,Hoppe LLC
Rutger,Saiz,rsaiz69@chronoengine.com,Dietrich-Cormier
Kalinda,Calderon,kcalderon6a@51.la,Rempel and Sons
Lonni,Huffy,lhuffy6b@deviantart.com,"Braun, Jast and Schimmel"
Kristoforo,Lurriman,klurriman6c@over-blog.com,Borer-Abbott
Gillian,Bonnaire,gbonnaire6d@networksolutions.com,O'Kon-Heaney
Garvey,Levin,glevin6e@dell.com,Stanton-Nicolas
Donelle,Anstis,danstis6f@bigcartel.com,"Howell, Walker and Lesch"
Angil,Renard,arenard6g@scribd.com,"Okuneva, Lesch and D'Amore"
Karoly,Simonaitis,ksimonaitis6h@com.com,"Miller, Sipes and Howell"
Chantalle,Caston,ccaston6i@lycos.com,Gibson and Sons
Rutter,Brou,rbrou6j@newsvine.com,"Koelpin, Hauck and Moen"
Jessey,Idenden,jidenden6k@ox.ac.uk,"Mante, Wuckert and Schaefer"
Margaret,Huggon,mhuggon6l@mac.com,VonRueden Inc
Juline,Spillman,jspillman6m@tiny.cc,"Terry, Nitzsche and Klein"
Maryanne,Callaghan,mcallaghan6n@ed.gov,Feil LLC
Kristian,Moxsom,kmoxsom6o@bloglovin.com,"VonRueden, Morissette and Cummings"
Fleur,Ivens,fivens6p@opera.com,"Willms, Spinka and Hickle"
Rodrigo,Muncie,rmuncie6q@hp.com,Mertz-Willms
Delinda,Palin,dpalin6r@is.gd,"White, Reynolds and Willms"
Lionel,Guerin,lguerin6s@ft.com,Hahn-Hessel
Ambros,Edgett,aedgett6t@tuttocitta.it,Armstrong and Sons
Kellina,Fellenor,kfellenor6u@shareasale.com,Turcotte-Predovic
Felecia,Sawart,fsawart6v@virginia.edu,"Hermann, King and Mueller"
Page,Yurukhin,pyurukhin6w@usa.gov,"Barrows, Baumbach and Kiehn"
Godwin,Ashwin,gashwin6x@alibaba.com,Ledner-Johnston
Paulina,Scanlin,pscanlin6y@youtu.be,Dicki-Mayer
Jan,Matt,jmatt6z@wufoo.com,Konopelski Inc
Candi,March,cmarch70@aol.com,Funk-Grant
Farris,Boxell,fboxell71@issuu.com,Bosco-Shields
Leland,Plose,lplose72@psu.edu,Schmitt and Sons
Carmelia,Pozzo,cpozzo73@stumbleupon.com,Olson and Sons
Thaine,Abramin,tabramin74@google.ru,Johnston Inc
Tani,Pirrey,tpirrey75@hhs.gov,Lynch LLC
Glynda,Younie,gyounie76@paginegialle.it,Lang-Mraz
Flor,Coneybeer,fconeybeer77@soundcloud.com,Halvorson-Strosin
Terrye,Andrysek,tandrysek78@ucoz.ru,Price-Roob
Gwendolen,Roads,groads79@myspace.com,"Durgan, Auer and Cremin"
Maible,Cleynaert,mcleynaert7a@guardian.co.uk,"Thompson, Ziemann and Rosenbaum"
Skipp,O'Neary,soneary7b@example.com,Hessel LLC
Fleur,Tregunnah,ftregunnah7c@gravatar.com,"Pouros, Kozey and Dibbert"
Timotheus,Barhem,tbarhem7d@upenn.edu,Ziemann-Mueller
Roarke,Hysom,rhysom7e@live.com,Raynor LLC
Jan,Hurst,jhurst7f@reddit.com,O'Reilly and Sons
Dael,Cook,dcook7g@netlog.com,"Boehm, Hirthe and Cormier"
Karil,Cathro,kcathro7h@nymag.com,"Willms, Ruecker and Weimann"
Harriott,Cammish,hcammish7i@xinhuanet.com,Hauck-Weimann
Mellisa,Farraway,mfarraway7j@aol.com,"Adams, Lueilwitz and Vandervort"
Noam,Turgoose,nturgoose7k@mozilla.org,Kunde Inc
Saunders,Osgordby,sosgordby7l@studiopress.com,"Balistreri, Lehner and Nikolaus"
Enrichetta,Dumbreck,edumbreck7m@mayoclinic.com,"O'Hara, Hudson and Bernier"
Mellisent,Tanman,mtanman7n@xrea.com,Kris Group
Farr,Skokoe,fskokoe7o@furl.net,Roberts-Hammes
Renaldo,Thrustle,rthrustle7p@sphinn.com,Volkman-Schneider
Dasya,Mellhuish,dmellhuish7q@dell.com,Goldner Inc
Wit,Brigg,wbrigg7r@jigsy.com,Ernser Group
Bartie,Astbury,bastbury7s@mlb.com,Schimmel-Reichel
Lesly,Karran,lkarran7t@boston.com,Murazik Inc
Gale,Gerald,ggerald7u@apple.com,Windler and Sons
Marisa,Cunnow,mcunnow7v@microsoft.com,Ernser-Armstrong
Lilia,Chillingsworth,lchillingsworth7w@zimbio.com,"MacGyver, Erdman and Donnelly"
Michele,Spinnace,mspinnace7x@huffingtonpost.com,Kutch-Ortiz
Link,Frediani,lfrediani7y@google.pl,Lang LLC
Edyth,Grumbridge,egrumbridge7z@auda.org.au,Wilderman Inc
Arri,Thorlby,athorlby80@dagondesign.com,"Konopelski, Kuhn and Donnelly"
Bird,Abbets,babbets81@seattletimes.com,Herman-Murphy
Verine,Brixey,vbrixey82@theglobeandmail.com,Fahey-Schaden
Tan,Muckloe,tmuckloe83@salon.com,"Luettgen, Daugherty and Dibbert"
Shayne,Fuente,sfuente84@1688.com,Padberg and Sons
Donal,Deegan,ddeegan85@ning.com,Jerde-Prohaska
Timi,Thursfield,tthursfield86@nba.com,Kutch-Welch
Jillene,Philson,jphilson87@theglobeandmail.com,Rodriguez-Moore
Fredra,Chellenham,fchellenham88@webnode.com,Spencer-Farrell
Joni,Dungee,jdungee89@ocn.ne.jp,"Koelpin, Hirthe and Hills"
Dianemarie,Denman,ddenman8a@mediafire.com,Ebert-Huel
Skip,Vondracek,svondracek8b@fc2.com,Sipes Group
Tressa,Kinchlea,tkinchlea8c@answers.com,Gleason Inc
Dinny,Giacobelli,dgiacobelli8d@rakuten.co.jp,Abshire-Becker
Henka,Colisbe,hcolisbe8e@sfgate.com,VonRueden and Sons
Gaston,Dunbavin,gdunbavin8f@jalbum.net,Treutel and Sons
Trumann,Scraney,tscraney8g@google.fr,"Stamm, Robel and Wuckert"
Duke,Winnard,dwinnard8h@example.com,"Fahey, Hyatt and Bahringer"
Mona,Rangall,mrangall8i@shareasale.com,"Cruickshank, Kutch and Donnelly"
Cullan,Fransson,cfransson8j@com.com,"Douglas, Hettinger and Mertz"
Jasmin,Rowell,jrowell8k@google.ca,"Nicolas, Mann and Wilkinson"
Alidia,Brotherwood,abrotherwood8l@webeden.co.uk,"Kerluke, Corkery and Feeney"
Griff,Mellmoth,gmellmoth8m@posterous.com,Nienow and Sons
Katharina,Brookes,kbrookes8n@bbb.org,Abbott and Sons
Maxy,Geroldini,mgeroldini8o@vimeo.com,"Hoppe, Heathcote and Waelchi"
Marley,Bletsor,mbletsor8p@ca.gov,Simonis-Rohan
Vaclav,Robbert,vrobbert8q@163.com,"Weissnat, Simonis and Satterfield"
Baxie,Sackey,bsackey8r@behance.net,Hettinger and Sons
Angelo,Pover,apover8s@archive.org,Crist Group
Royce,Wittey,rwittey8t@hatena.ne.jp,Fritsch LLC
Daryl,Truran,dtruran8u@engadget.com,"Waelchi, Tromp and D'Amore"
Westleigh,Tudor,wtudor8v@nbcnews.com,Hamill LLC
Sholom,Snoddy,ssnoddy8w@domainmarket.com,Hahn and Sons
Justinian,Redhills,jredhills8x@springer.com,Powlowski-Strosin
Damaris,Ingarfill,dingarfill8y@apple.com,Kling LLC
Cher,Hendron,chendron8z@twitter.com,Goldner LLC
Arluene,Romeril,aromeril90@baidu.com,Beatty Group
Brandise,Philpotts,bphilpotts91@gravatar.com,Romaguera Group
Marina,Tatlowe,mtatlowe92@51.la,Conn-Wilkinson
Simona,Beauchop,sbeauchop93@technorati.com,Schinner Inc
Desmund,Albrecht,dalbrecht94@sohu.com,"Bechtelar, Bauch and Larson"
Gabrielle,Milby,gmilby95@archive.org,Schmeler and Sons
Cortney,Klebes,cklebes96@so-net.ne.jp,Turcotte-Walker
Tymon,Playden,tplayden97@over-blog.com,Morar and Sons
Grant,Tatford,gtatford98@cmu.edu,Pouros-Haley
Lesley,Simunek,lsimunek99@dyndns.org,Sawayn and Sons
Dynah,Boult,dboult9a@thetimes.co.uk,Daugherty-McKenzie
Paul,Lindenberg,plindenberg9b@t-online.de,Gerhold Inc
Izzy,Girth,igirth9c@tinypic.com,Shields-Bailey
Gherardo,Manuelli,gmanuelli9d@utexas.edu,"Satterfield, Swaniawski and Davis"
Sawyere,Broadbear,sbroadbear9e@usnews.com,"O'Conner, Barrows and Kshlerin"
Vachel,Cropper,vcropper9f@liveinternet.ru,Smith Group
Kevin,Fibbens,kfibbens9g@shop-pro.jp,"Lind, Rodriguez and VonRueden"
Tally,Wessing,twessing9h@toplist.cz,"Upton, Mertz and Reinger"
Arlene,Demchen,ademchen9i@livejournal.com,Harris Group
Johanna,Quartermaine,jquartermaine9j@discovery.com,Schultz LLC
Thurston,Gregr,tgregr9k@google.ru,Pfeffer-Monahan
Keslie,Prandy,kprandy9l@washington.edu,Conn-Cruickshank
Corny,Evensden,cevensden9m@bloglines.com,"Watsica, Ritchie and Cormier"
Gram,Mingey,gmingey9n@blogtalkradio.com,Schoen-Hettinger
Enriqueta,Daniel,edaniel9o@patch.com,"Heller, Marks and Corkery"
Estrella,MacAvddy,emacavddy9p@jugem.jp,Jacobi Inc
Pietra,Rye,prye9q@trellian.com,Spinka and Sons
Barnard,Simonelli,bsimonelli9r@mtv.com,"Nicolas, Carter and Goyette"
Rosetta,Jellett,rjellett9s@storify.com,Kassulke-Hintz
Luce,Fortman,lfortman9t@comcast.net,VonRueden-Jast
Constantine,Butteris,cbutteris9u@cnet.com,Hintz Inc
Frieda,Igounet,figounet9v@state.gov,Auer-Lakin
Page,Fortescue,pfortescue9w@wordpress.org,Powlowski Group
Ellwood,Levensky,elevensky9x@answers.com,Ryan and Sons
Milena,Sawtell,msawtell9y@foxnews.com,Hammes Inc
Sheilakathryn,Srutton,ssrutton9z@qq.com,"Toy, Leannon and Wyman"
Vail,Biles,vbilesa0@printfriendly.com,Ankunding-Kuhn
Pavla,Wakeman,pwakemana1@pcworld.com,"McCullough, Veum and Kunze"
Zelda,Risdall,zrisdalla2@gravatar.com,Ratke LLC
Saxon,Fetter,sfettera3@livejournal.com,"Willms, Mante and Ankunding"
Wolfy,Morlon,wmorlona4@cam.ac.uk,Moen-Weissnat
Thane,Gerrelts,tgerreltsa5@opera.com,Vandervort Group
Kellie,Coonihan,kcoonihana6@wix.com,Smith-Nikolaus
Gwendolin,Streetfield,gstreetfielda7@walmart.com,Gleichner Group
Kristy,Wethers,kwethersa8@blinklist.com,"Smitham, Olson and Ullrich"
Richardo,Oulet,rouleta9@google.com,Brakus and Sons
Nial,Niccols,nniccolsaa@bing.com,"Stark, Zulauf and Funk"
Heywood,Tonkinson,htonkinsonab@youku.com,Herman Group
Ruddy,Berget,rbergetac@wikispaces.com,Cruickshank Inc
Wyn,Daventry,wdaventryad@cnn.com,"Doyle, Homenick and Cummerata"
Freddie,Chander,fchanderae@homestead.com,Farrell-Champlin
Elfreda,Bonnick,ebonnickaf@youtube.com,Prohaska and Sons
Sawyer,France,sfranceag@g.co,"Harvey, Klocko and Beahan"
Ronna,Bowller,rbowllerah@mediafire.com,Streich-Will
Arnie,Brandolini,abrandoliniai@sohu.com,Rowe-Trantow
Sarina,Fursse,sfursseaj@stanford.edu,"Ward, Hane and Upton"
Hortensia,Brigstock,hbrigstockak@statcounter.com,VonRueden-McLaughlin
Schuyler,Ivakhnov,sivakhnoval@netvibes.com,Willms-Volkman
Kyle,MacColgan,kmaccolganam@odnoklassniki.ru,Langosh Inc
Chane,Metcalf,cmetcalfan@unicef.org,"Goyette, Blanda and Littel"
Winfield,Medler,wmedlerao@g.co,Haag-Carroll
Maressa,Seefeldt,mseefeldtap@icio.us,"McDermott, Gorczany and Ritchie"
Rufus,Giacopello,rgiacopelloaq@huffingtonpost.com,"Renner, Hintz and Johnson"
Aubert,Espinet,aespinetar@guardian.co.uk,Johns-Larkin
Nicol,Bellworthy,nbellworthyas@newsvine.com,MacGyver LLC
Devonne,Heamus,dheamusat@sogou.com,Jacobi-Sanford
Terrill,Milkins,tmilkinsau@tripod.com,Turcotte Group
Luci,Schimke,lschimkeav@baidu.com,Wolff-Koepp
Ichabod,Elmer,ielmeraw@multiply.com,Keeling-Luettgen
Murdoch,Manginot,mmanginotax@bizjournals.com,"Breitenberg, Zulauf and Ernser"
Lynne,Hessle,lhessleay@about.me,"Luettgen, Halvorson and Nienow"
Fae,Atcock,fatcockaz@cargocollective.com,Bartoletti-Flatley
Thelma,Bunworth,tbunworthb0@mtv.com,"Volkman, Mitchell and Cummerata"
Shayla,Beal,sbealb1@scientificamerican.com,"Cummings, Braun and Kuphal"
Flemming,Wooland,fwoolandb2@csmonitor.com,Johnston-Kling
Querida,Bannester,qbannesterb3@foxnews.com,Stokes Group
Valeda,Wackley,vwackleyb4@vinaora.com,Auer and Sons
Alameda,Benton,abentonb5@cnet.com,Roob Inc
Maryl,McCaffery,mmccafferyb6@wunderground.com,Fay Group
Paulo,Tezure,ptezureb7@newyorker.com,Treutel-Cormier
Aaren,Hatchette,ahatchetteb8@columbia.edu,"Bailey, Schaefer and Hyatt"
Maritsa,Igo,migob9@arizona.edu,Pacocha LLC
Zechariah,Ffoulkes,zffoulkesba@yale.edu,Quitzon-Balistreri
Heddi,Simoncelli,hsimoncellibb@biglobe.ne.jp,Mohr-Tillman
Salmon,McCurdy,smccurdybc@cocolog-nifty.com,Senger-Vandervort
Romeo,Wisniowski,rwisniowskibd@columbia.edu,Weissnat and Sons
Inness,Lockhart,ilockhartbe@nydailynews.com,Herman-Blanda
Cordula,Trousdale,ctrousdalebf@bloglines.com,VonRueden Group
Bellanca,Tinham,btinhambg@elpais.com,Smith and Sons
Krista,Gregoriou,kgregorioubh@noaa.gov,Rutherford-Runte
Thorsten,Alcalde,talcaldebi@scientificamerican.com,"Little, Fritsch and Hegmann"
Salli,Pittendreigh,spittendreighbj@cdc.gov,Schmitt-Jacobs
Lilian,Josskovitz,ljosskovitzbk@tripod.com,Mann-Lindgren
Tynan,Fowley,tfowleybl@sina.com.cn,Glover-Grady
Birk,Wattisham,bwattishambm@fc2.com,"Kuvalis, Cole and Hettinger"
Egbert,Allsupp,eallsuppbn@java.com,"Corkery, Rippin and Pouros"
Marybeth,Rumble,mrumblebo@squidoo.com,McGlynn and Sons
Mildred,Leare,mlearebp@wunderground.com,Dicki and Sons
Wally,Rorke,wrorkebq@freewebs.com,O'Connell Inc
Clarissa,Heath,cheathbr@hud.gov,Rohan Group
Emmey,Bussel,ebusselbs@pinterest.com,Runte Inc
Ingaborg,Sancho,isanchobt@about.com,Feest-Schroeder
Torrin,Emanulsson,temanulssonbu@cnn.com,Purdy Group
Athene,De Laci,adelacibv@mozilla.com,Bogan-Zboncak
Aurea,Meni,amenibw@gnu.org,Altenwerth-Walker
Warren,Reynoldson,wreynoldsonbx@intel.com,"Hayes, Howe and Rath"
Clary,Duckham,cduckhamby@theglobeandmail.com,Smitham Inc
Ryon,Jolland,rjollandbz@paginegialle.it,Botsford Group
Saraann,Fforde,sffordec0@scribd.com,Kilback and Sons
Leese,Palomba,lpalombac1@unc.edu,Deckow Group
Deina,Crofts,dcroftsc2@dropbox.com,"Kutch, Bogisich and Quigley"
Paige,Benech,pbenechc3@blogtalkradio.com,Lowe-Batz
Angela,Braganca,abragancac4@independent.co.uk,O'Keefe-Friesen
Niki,Samart,nsamartc5@umich.edu,"Kub, Bruen and Botsford"
Basilio,Hardie,bhardiec6@bloglines.com,"Hoppe, Rohan and Fay"
Patin,Salandino,psalandinoc7@goo.ne.jp,Heller and Sons
Harrison,Lunck,hlunckc8@w3.org,Adams-Schiller
Gayle,Gamil,ggamilc9@google.fr,Walker-Cummerata
Deanna,Ladlow,dladlowca@howstuffworks.com,Murphy and Sons
Cleo,Gobolos,cgoboloscb@gizmodo.com,"Rohan, Murray and Boyle"
Erwin,Yearron,eyearroncc@yahoo.co.jp,"Vandervort, Okuneva and Gaylord"
Say,Longhorne,slonghornecd@slate.com,"Parisian, Connelly and Renner"
Natalina,Gillman,ngillmance@examiner.com,Weber Group
Logan,Dow,ldowcf@youtu.be,"Ruecker, Howell and Stoltenberg"
Shandee,Durrad,sdurradcg@digg.com,"Romaguera, Bernier and Jacobi"
Dallon,Grote,dgrotech@digg.com,"Lakin, Dickinson and Haley"
Prentiss,Laise,plaiseci@alexa.com,Koepp LLC
Lucinda,Franklyn,lfranklyncj@gov.uk,Tremblay Group
Stanwood,Wyche,swycheck@so-net.ne.jp,"Bailey, Stokes and Marquardt"
Corabelle,Barnes,cbarnescl@digg.com,Kessler and Sons
Dode,Michurin,dmichurincm@utexas.edu,Buckridge LLC
Robinetta,Sessuns,rsessunscn@mit.edu,Kiehn-Heller
Sanders,Lorens,slorensco@japanpost.jp,Langosh and Sons
Lorri,Groundwator,lgroundwatorcp@addtoany.com,"Hirthe, McGlynn and Renner"
Malinda,Dumblton,mdumbltoncq@howstuffworks.com,"Haley, Jaskolski and Powlowski"
Katy,Bagshawe,kbagshawecr@nps.gov,Mosciski and Sons
Mellie,Kalisch,mkalischcs@gmpg.org,"Blick, Glover and Koelpin"
Myrle,Hollebon,mhollebonct@ca.gov,"Hartmann, Emmerich and Bergnaum"
Mufi,Heinl,mheinlcu@alibaba.com,"Gusikowski, Balistreri and Stroman"
Dario,Waddup,dwaddupcv@deviantart.com,Hermiston-Bosco
Barny,Chomicki,bchomickicw@typepad.com,Kilback-Olson
Pierre,Nisco,pniscocx@reddit.com,Kub Group
Doy,Harrow,dharrowcy@prlog.org,Kozey Group
Gabriella,Mohammad,gmohammadcz@1und1.de,Davis Inc
Sanders,Khadir,skhadird0@surveymonkey.com,Morissette and Sons
Ferrel,Radin,fradind1@jimdo.com,Pacocha Group
Rouvin,Abrahams,rabrahamsd2@360.cn,Runte LLC
Brinna,Ruxton,bruxtond3@jigsy.com,Wunsch and Sons
Odette,Gerrey,ogerreyd4@amazon.com,"Leffler, Hettinger and Goyette"
Ricca,Halpine,rhalpined5@biglobe.ne.jp,"Glover, Berge and Schowalter"
Evangeline,Balmann,ebalmannd6@sogou.com,"Reilly, Haag and Shanahan"
Flora,Blondel,fblondeld7@newyorker.com,"O'Reilly, Adams and Schneider"
Russell,Tillett,rtillettd8@creativecommons.org,Mitchell Inc
Dannie,Dmitrichenko,ddmitrichenkod9@goodreads.com,Homenick LLC
Traci,Crissil,tcrissilda@usda.gov,"Nikolaus, Rolfson and Greenholt"
Tammy,Fielden,tfieldendb@msu.edu,Morissette LLC
Jaimie,Girardey,jgirardeydc@ycombinator.com,Anderson and Sons
Arney,Laboune,alabounedd@huffingtonpost.com,"Conn, Bartoletti and Herman"
Alysa,Basterfield,abasterfieldde@artisteer.com,Gorczany Group
Myranda,Shears,mshearsdf@sfgate.com,Pacocha-Hermann
Hilde,O'Dougherty,hodoughertydg@google.nl,"Bauch, Jaskolski and Shields"
Ali,Attow,aattowdh@shinystat.com,Braun-Williamson
Kylila,Narbett,knarbettdi@nyu.edu,Deckow and Sons
Wittie,Watman,wwatmandj@howstuffworks.com,"Hoppe, Kub and Gibson"
Lindsay,Raine,lrainedk@naver.com,"Hane, VonRueden and Powlowski"
Sean,Swadlin,sswadlindl@e-recht24.de,Spinka Group
Florence,Heild,fheilddm@reverbnation.com,"Brekke, DuBuque and Mitchell"
Jason,Detoile,jdetoiledn@nyu.edu,Jakubowski Group
Kitti,Maidment,kmaidmentdo@hao123.com,Gutkowski LLC
Umberto,Quinlan,uquinlandp@ehow.com,"Fadel, Greenfelder and Fadel"
Tyrone,Wreford,twreforddq@github.io,Padberg-Turcotte
Lindsey,Dummett,ldummettdr@ovh.net,"Ferry, Predovic and Hermiston"
Cherin,Blew,cblewds@bbc.co.uk,Schamberger Inc
Dot,Filintsev,dfilintsevdt@dedecms.com,Russel LLC
Daveen,Monsey,dmonseydu@bizjournals.com,Stark-McLaughlin
Tobye,Rolstone,trolstonedv@indiegogo.com,Lebsack-Kling
Luz,DeSousa,ldesousadw@google.ca,Pacocha Inc
Ferdinanda,Clemmey,fclemmeydx@omniture.com,McLaughlin and Sons
Itch,Henze,ihenzedy@chronoengine.com,Kertzmann-Tromp
Frankie,Du Pre,fdupredz@dell.com,Turner-Goyette
Kyle,Finlayson,kfinlaysone0@theatlantic.com,Muller-Gislason
Jaime,Croley,jcroleye1@oaic.gov.au,Dooley and Sons
Arlan,de Guerre,adeguerree2@ucla.edu,"Wuckert, Smith and White"
Zarah,Claussen,zclaussene3@webmd.com,Kutch LLC
Gertrude,Chidler,gchidlere4@ameblo.jp,Williamson Group
Renelle,Tompsett,rtompsette5@wired.com,Lehner-Robel
Jacki,Edge,jedgee6@admin.ch,Ullrich Group
Desmond,Abdy,dabdye7@cbc.ca,Veum Group
Anne,Schwaiger,aschwaigere8@dedecms.com,Mosciski-Waters
Calvin,Massy,cmassye9@google.cn,Mosciski-Nader
Farrand,Childes,fchildesea@unesco.org,Gutkowski Group
Delia,Ramel,drameleb@mapy.cz,"Kuhlman, Schneider and Schinner"
Zebulon,Midlar,zmidlarec@exblog.jp,Conroy Group
Shelia,Cordelet,scordeleted@cnn.com,Blanda Inc
Cash,Philliskirk,cphilliskirkee@ucla.edu,"Casper, Quigley and Boyer"
Hollie,Hailes,hhailesef@pinterest.com,"Goyette, Bartoletti and Ferry"
Peyton,Haylock,phaylockeg@time.com,Beier-Hermiston
Agosto,Sambidge,asambidgeeh@cpanel.net,Kshlerin-Schuster
Nealy,Parkins,nparkinsei@boston.com,Okuneva-Cole
Valeda,Ever,veverej@360.cn,Yundt-Weimann
Alasdair,Imm,aimmek@yale.edu,Lynch and Sons
Allyce,Rottenbury,arottenburyel@comsenz.com,Paucek and Sons
Kelsy,Farnell,kfarnellem@cocolog-nifty.com,Kessler-Daniel
Hamid,Britnell,hbritnellen@networkadvertising.org,Gottlieb-Ward
Linoel,Eick,leickeo@engadget.com,"Homenick, Yost and Kerluke"
Wilden,Siddle,wsiddleep@ebay.co.uk,Schuppe Group
Olav,Kuhle,okuhleeq@washingtonpost.com,Mante-Hessel
Maxine,Erett,meretter@g.co,"Koelpin, Hoeger and Morar"
Kristen,Barwell,kbarwelles@cbsnews.com,Altenwerth-Schinner
Pris,Humphrys,phumphryset@plala.or.jp,Wehner and Sons
Gussy,Kildale,gkildaleeu@biblegateway.com,Pfeffer LLC
Clifford,Borland,cborlandev@illinois.edu,Beatty-Connelly
Rosamund,Roddie,rroddieew@ifeng.com,"Bashirian, Mraz and Lang"
Effie,Dedham,ededhamex@noaa.gov,Farrell LLC
Roscoe,Walsh,rwalshey@cyberchimps.com,Kemmer-O'Keefe
Adrianna,Esch,aeschez@cbsnews.com,Rippin-Barrows
Patrick,Sarver,psarverf0@e-recht24.de,Weissnat-Gerhold
Herc,Telfer,htelferf1@reuters.com,Torphy Group
Gayel,Avey,gaveyf2@china.com.cn,Mohr-Beer
Daniela,Schollick,dschollickf3@networksolutions.com,Romaguera-Dare
Orelie,McLaverty,omclavertyf4@cbslocal.com,Reinger-Doyle
Austen,Inde,aindef5@berkeley.edu,Daugherty Inc
Valerie,Eschalotte,veschalottef6@smugmug.com,Bartell and Sons
Conrade,Cogle,ccoglef7@newsvine.com,DuBuque LLC
Thorpe,Rashleigh,trashleighf8@indiatimes.com,"Fay, Hartmann and Johns"
Remus,Abrahim,rabrahimf9@lycos.com,Block-Metz
Eddie,Ruperto,erupertofa@youku.com,"Lind, O'Conner and Watsica"
Stearn,Drinkhall,sdrinkhallfb@miibeian.gov.cn,"Kohler, Reichel and Tromp"
Carlyle,Chidwick,cchidwickfc@angelfire.com,"Ferry, Hilpert and Harris"
Sunny,Korn,skornfd@pen.io,"Morar, Hilll and Donnelly"
Patric,Barta,pbartafe@chicagotribune.com,Leannon Group
Marcile,Larby,mlarbyff@weibo.com,Moore Inc
Burlie,Siderfin,bsiderfinfg@diigo.com,Stiedemann-Murray
Darlleen,Yanshin,dyanshinfh@go.com,Bergnaum Inc
Lucho,Minker,lminkerfi@home.pl,"Rath, Weber and Auer"
Shelia,Dart,sdartfj@mail.ru,Osinski LLC
Conrade,Adamthwaite,cadamthwaitefk@msn.com,"O'Reilly, Williamson and Wiza"
Joshia,Bonifant,jbonifantfl@latimes.com,Frami-Jenkins
Elysha,Liddiard,eliddiardfm@slideshare.net,Hirthe-Fritsch
Arlina,Forrestor,aforrestorfn@comcast.net,Corwin-Schiller
Channa,Wibrow,cwibrowfo@creativecommons.org,"Gorczany, Turner and Donnelly"
Ilsa,Kirwan,ikirwanfp@cyberchimps.com,"O'Conner, Walter and Schiller"
Stanislaw,Hateley,shateleyfq@bluehost.com,Weimann Group
Melamie,Lowers,mlowersfr@harvard.edu,Collier LLC
Izak,Papworth,ipapworthfs@goodreads.com,Koepp Group
Genia,Osman,gosmanft@latimes.com,Abernathy Inc
Tawsha,Mustoo,tmustoofu@berkeley.edu,Keebler LLC
Babbette,Pamplin,bpamplinfv@tuttocitta.it,Cummings-Armstrong
Dayle,Arnholdt,darnholdtfw@1688.com,"Nienow, Becker and Barrows"
Zsazsa,Thorneywork,zthorneyworkfx@ovh.net,"Blanda, Nienow and Thiel"
Galven,Deval,gdevalfy@thetimes.co.uk,Dibbert-Christiansen
Bing,Cantillion,bcantillionfz@tripod.com,Cummerata LLC
Thornton,Perutto,tperuttog0@goodreads.com,DuBuque-Von
Wandis,Bantham,wbanthamg1@si.edu,Gibson-Gaylord
Avrom,Lanceley,alanceleyg2@utexas.edu,Cormier LLC
Jacquetta,Gregol,jgregolg3@networksolutions.com,"Marks, Kovacek and Lindgren"
Farleigh,Huntly,fhuntlyg4@reddit.com,"Graham, Greenfelder and Crooks"
Mariquilla,Rove,mroveg5@apache.org,Schaefer-Torphy
Viv,Moncreif,vmoncreifg6@devhub.com,Pagac-Keebler
Nani,Spurier,nspurierg7@wikipedia.org,"Franecki, Grady and Goyette"
Lawton,Gilfillan,lgilfillang8@symantec.com,Jaskolski-Huel
Pate,Benaine,pbenaineg9@google.com.hk,Conroy-Kessler
Sianna,Adderson,saddersonga@deliciousdays.com,"McGlynn, Rohan and Prosacco"
Granger,Jobern,gjoberngb@nhs.uk,Bartell-Kuphal
Fernanda,Stegel,fstegelgc@networkadvertising.org,"O'Conner, Hansen and Boehm"
Ernst,Kilian,ekiliangd@flavors.me,Terry and Sons
Sauncho,Rolinson,srolinsonge@devhub.com,"Schaden, Predovic and Schumm"
Joycelin,Semered,jsemeredgf@ucla.edu,Senger-Bernhard
Karry,Philbrook,kphilbrookgg@cloudflare.com,Little Inc
Sapphire,Walewski,swalewskigh@alibaba.com,Gaylord-Senger
Clay,Garside,cgarsidegi@hostgator.com,Parisian-Metz
Lorry,Ortega,lortegagj@army.mil,Howe-Wyman
Adrianne,Hendriks,ahendriksgk@ovh.net,Goodwin-Goyette
Eustacia,Teale,etealegl@blinklist.com,"Cartwright, Funk and Labadie"
La verne,Tattershaw,ltattershawgm@macromedia.com,Hane and Sons
Yolanda,Antalffy,yantalffygn@nih.gov,Johnson-Feil
Huntington,Buntine,hbuntinego@tinypic.com,Kshlerin-Hane
Oralia,Hiddsley,ohiddsleygp@quantcast.com,"Legros, Lehner and Will"
Farrel,Beaglehole,fbeagleholegq@baidu.com,Lebsack-Wilkinson
Thoma,Sarton,tsartongr@dropbox.com,"Morissette, Stehr and Harris"
Ashely,Buffery,abufferygs@ted.com,"Boehm, Lemke and Lowe"
Sigmund,Crewdson,screwdsongt@bbc.co.uk,"Morar, Toy and Harris"
Laverna,Duckerin,lduckeringu@hubpages.com,"Ward, Stanton and Robel"
Yettie,O'Lennane,yolennanegv@nyu.edu,Crist and Sons
Dennison,Coulthard,dcoulthardgw@nasa.gov,Harber and Sons
Antone,Boncoeur,aboncoeurgx@nymag.com,Bashirian-Barton
Cort,Audenis,caudenisgy@nifty.com,Ebert Inc
Inger,Swinerd,iswinerdgz@squarespace.com,O'Reilly-Kub
Hagen,Aspital,haspitalh0@google.pl,Labadie-Streich
Jakob,Crank,jcrankh1@tmall.com,Stehr Group
King,Dyer,kdyerh2@washington.edu,"Lynch, Ankunding and Donnelly"
Kerianne,Tesdale,ktesdaleh3@themeforest.net,Legros-Fadel
Viviana,Vallance,vvallanceh4@newyorker.com,"Spencer, Ritchie and Becker"
Bernette,Jolliffe,bjolliffeh5@omniture.com,Hintz-Balistreri
Helen-elizabeth,Joiris,hjoirish6@youtube.com,Lubowitz-Bernier
Lusa,Schimank,lschimankh7@pbs.org,Kerluke LLC
Myrtia,Rhoades,mrhoadesh8@tuttocitta.it,"Denesik, Gislason and Rogahn"
Roch,Scamp,rscamph9@cam.ac.uk,"Konopelski, Aufderhar and Moen"
Waldo,Buist,wbuistha@histats.com,"Roob, Towne and Dibbert"
Inger,Warbrick,iwarbrickhb@state.gov,"Mayert, Cartwright and Ortiz"
Brad,Preece,bpreecehc@wufoo.com,"Morar, Fay and Erdman"
Ambur,Stonier,astonierhd@wunderground.com,Kuvalis-Schowalter
Cristen,Verrill,cverrillhe@oakley.com,Satterfield-Schuppe
Kali,Rehm,krehmhf@scientificamerican.com,Swift Group
Briggs,Dedney,bdedneyhg@sitemeter.com,Bosco-Mann
Gerianna,McFarlane,gmcfarlanehh@yelp.com,"Will, Brakus and Daugherty"
Winnifred,Finden,wfindenhi@opera.com,"Grimes, Kihn and Friesen"
Paton,Aleksidze,paleksidzehj@reverbnation.com,"Johnson, Schneider and Metz"
Massimiliano,Cordier,mcordierhk@hubpages.com,"Ryan, Treutel and Raynor"
Coop,Starkey,cstarkeyhl@craigslist.org,"Waters, Kunde and Koelpin"
Dewey,Matkin,dmatkinhm@wikipedia.org,O'Keefe-Gaylord
Dev,Wawer,dwawerhn@ft.com,Zboncak-Medhurst
Pauli,Webley,pwebleyho@npr.org,"Ruecker, Koss and Sanford"
Meredithe,Mellhuish,mmellhuishhp@prlog.org,Bahringer-Shanahan
Richart,Alfonzo,ralfonzohq@usda.gov,Aufderhar-Heidenreich
Wynny,Harvard,wharvardhr@va.gov,Barton LLC
Bernhard,Ambresin,bambresinhs@ed.gov,Gutkowski and Sons
Calvin,Scrange,cscrangeht@cloudflare.com,"Trantow, Kuphal and Fisher"
Carena,Ateridge,cateridgehu@smugmug.com,Simonis and Sons
Rhea,Handasyde,rhandasydehv@china.com.cn,Gibson LLC
Elsworth,Domm,edommhw@edublogs.org,"Mills, Heidenreich and Trantow"
Feliza,Camilio,fcamiliohx@dailymotion.com,Collins-Emmerich
Bert,Rollings,brollingshy@gov.uk,"Barrows, Schaden and Wiegand"
Terza,Burchett,tburchetthz@sourceforge.net,"Mayer, Pfeffer and Braun"
Giustina,D'Alesio,gdalesioi0@dion.ne.jp,Kreiger Group
Valery,Cowap,vcowapi1@cbslocal.com,Lueilwitz-Rosenbaum
Viviyan,Paynes,vpaynesi2@msn.com,Medhurst Group
Gusella,Dreamer,gdreameri3@macromedia.com,Senger LLC
Karrah,Tilt,ktilti4@cam.ac.uk,Hilll-Keebler
Ferdinand,Rabbitts,frabbittsi5@washingtonpost.com,Collins and Sons
Suzi,Oakwood,soakwoodi6@acquirethisname.com,O'Keefe-Ernser
Ramsay,Paute,rpautei7@youku.com,"Farrell, Bashirian and Steuber"
Siana,Liston,slistoni8@eepurl.com,Shields-Haag
Christiana,Tolley,ctolleyi9@loc.gov,Gutmann LLC
Davina,Skym,dskymia@forbes.com,Roberts Group
Linell,McAneny,lmcanenyib@dot.gov,Abernathy-Adams
Missie,Tedstone,mtedstoneic@sourceforge.net,"Strosin, Wuckert and Farrell"
Giovanni,Warrack,gwarrackid@blogtalkradio.com,Sporer-Friesen
Akim,Asty,aastyie@ftc.gov,Tillman-Batz
Maisey,Romme,mrommeif@google.ca,Bosco-Tromp
Fancy,Domerq,fdomerqig@cisco.com,Haley Inc
Aurelie,Michel,amichelih@tiny.cc,"Mitchell, Fahey and Kautzer"
Pavla,Hearnden,phearndenii@sina.com.cn,Rosenbaum-Fadel
Lonni,Bertie,lbertieij@samsung.com,Von LLC
Leanora,Greaterex,lgreaterexik@timesonline.co.uk,"Baumbach, Rutherford and VonRueden"
Neysa,Mirfin,nmirfinil@nps.gov,Langworth Inc
Carlota,Keveren,ckeverenim@state.gov,"Jerde, Stokes and Koelpin"
Maryanne,Yewen,myewenin@redcross.org,Mayer LLC
Peg,Maunsell,pmaunsellio@bravesites.com,Dibbert-Osinski
Olivier,Hanford,ohanfordip@hud.gov,Pollich-Sipes
Aeriel,Machon,amachoniq@fc2.com,"Bechtelar, Stokes and Wolf"
Ethyl,Lamberteschi,elamberteschiir@squarespace.com,Thompson-Jenkins
Quinta,Petracchi,qpetracchiis@ning.com,"Quitzon, Hoppe and Harvey"
Sollie,Crellim,screllimit@aboutads.info,Harris-Beatty
Leilah,Heasley,lheasleyiu@ft.com,Kub Group
Riannon,Tattam,rtattamiv@reference.com,Spinka-Kerluke
Janene,Coomber,jcoomberiw@youku.com,"Thiel, O'Kon and Franecki"
Cyndie,Stagg,cstaggix@google.fr,Mayert LLC
Lebbie,Crumby,lcrumbyiy@tinyurl.com,"Moen, Klocko and Homenick"
Melitta,Kimmings,mkimmingsiz@webs.com,Ullrich-Mueller
Erin,Mableson,emablesonj0@google.ca,Goyette Inc
Clemmy,Yanshin,cyanshinj1@chron.com,Christiansen-Treutel
Lorettalorna,Woodson,lwoodsonj2@rediff.com,"Koch, Grimes and Terry"
Meg,Gunson,mgunsonj3@state.tx.us,"Mitchell, Little and Carter"
Lettie,Reuble,lreublej4@prnewswire.com,Kreiger Group
Felecia,Rubinowicz,frubinowiczj5@yahoo.com,Oberbrunner-Deckow
Anthea,Stawell,astawellj6@acquirethisname.com,Jerde-Nikolaus
Merrick,Screeton,mscreetonj7@ning.com,"Durgan, Hammes and Gleichner"
Abbye,Meake,ameakej8@huffingtonpost.com,"Sauer, Koelpin and Runte"
Daisi,Kainz,dkainzj9@dagondesign.com,Casper Group
Sallee,Stove,sstoveja@businessinsider.com,Labadie Inc
Amargo,Sollam,asollamjb@flavors.me,Corwin and Sons
Mike,Feaveer,mfeaveerjc@goodreads.com,Smith LLC
Joela,Dicken,jdickenjd@businesswire.com,Hintz Inc
Marijo,Ghost,mghostje@addtoany.com,Brown Group
Raimondo,Sears,rsearsjf@blogspot.com,Beier-Stiedemann
Sharline,Taudevin,staudevinjg@google.com.br,Keeling Group
Marion,Fernanando,mfernanandojh@github.io,O'Connell Group
Richard,Brennenstuhl,rbrennenstuhlji@ucla.edu,"Kohler, Hamill and Walter"
Kissiah,Sibbons,ksibbonsjj@yellowbook.com,Ankunding Inc
Debby,Ferro,dferrojk@360.cn,Zieme Inc
Geri,Ugoni,gugonijl@hibu.com,"Funk, Bailey and Wuckert"
Benoit,Cinavas,bcinavasjm@google.cn,Torp-Gottlieb
Lawry,Beals,lbealsjn@freewebs.com,"Reynolds, Donnelly and Walker"
Homer,Joder,hjoderjo@cbslocal.com,"Dibbert, Schumm and Rodriguez"
Jami,Canet,jcanetjp@angelfire.com,Jerde-Jerde
Christoper,Schulze,cschulzejq@google.com.br,"Gottlieb, Waters and Kuhn"
Marwin,Morena,mmorenajr@google.co.jp,"Schiller, Hintz and Graham"
Myrlene,Danielovitch,mdanielovitchjs@gnu.org,"Nolan, Blick and Volkman"
Jeremie,Matt,jmattjt@webmd.com,Simonis and Sons
Julia,Reimer,jreimerju@guardian.co.uk,Predovic-Schiller
Sly,Klausewitz,sklausewitzjv@live.com,Veum and Sons
Nadia,Knevit,nknevitjw@sphinn.com,"Shanahan, Stehr and Yundt"
Julian,Melan,jmelanjx@prnewswire.com,"Ferry, Bartell and Runolfsson"
Jo,Tuck,jtuckjy@stumbleupon.com,"Volkman, Nitzsche and Weimann"
Camel,Mellonby,cmellonbyjz@vistaprint.com,"Hettinger, Sauer and Volkman"
Miguelita,Yuill,myuillk0@wordpress.com,Ebert-Metz
Clementine,Kinsell,ckinsellk1@va.gov,Boehm-Towne
Phylis,Dooney,pdooneyk2@mapy.cz,Lemke-Bins
Berk,Nairn,bnairnk3@wiley.com,Bins-Langworth
Byrom,Dicte,bdictek4@naver.com,Hayes-Abshire
Kimberlyn,Spink,kspinkk5@disqus.com,"Huels, Kunde and Abshire"
Ewen,Antoszewski,eantoszewskik6@alexa.com,Graham-Hoppe
Rowena,Domnin,rdomnink7@marriott.com,Ernser Group
Danny,Bourton,dbourtonk8@booking.com,Schaden-Trantow
Perla,Girardeau,pgirardeauk9@istockphoto.com,"Leffler, Anderson and Boyer"
Gardner,Bortol,gbortolka@surveymonkey.com,"Lang, Gutmann and Berge"
Gypsy,Danaher,gdanaherkb@ucoz.com,Kertzmann-Cremin
Brooks,Vsanelli,bvsanellikc@icq.com,Spinka-Tromp
Stefanie,Phittiplace,sphittiplacekd@ucoz.ru,"Schaefer, Roberts and Gleichner"
Parker,Cutforth,pcutforthke@upenn.edu,"Jerde, Robel and Weimann"
Margeaux,Stebbing,mstebbingkf@tiny.cc,Johns-Sipes
Arlette,Climpson,aclimpsonkg@accuweather.com,"Feeney, Schaden and Lakin"
Charyl,McRonald,cmcronaldkh@devhub.com,Raynor LLC
Sonia,Delgardillo,sdelgardilloki@ezinearticles.com,Predovic Inc
Blanch,Amps,bampskj@walmart.com,Homenick-Rau
Godfrey,Evemy,gevemykk@lycos.com,Nikolaus Inc
Victor,Dedon,vdedonkl@fema.gov,Skiles Inc
Lorettalorna,Janus,ljanuskm@list-manage.com,Mitchell-King
Gregor,Bowdidge,gbowdidgekn@weebly.com,Cummings-Murphy
Dionis,Sailes,dsailesko@globo.com,Miller-McLaughlin
Amalie,Aronin,aaroninkp@w3.org,Cartwright LLC
Tobye,Gobbet,tgobbetkq@nytimes.com,Dickens Group
Roseanne,McGinlay,rmcginlaykr@storify.com,Romaguera LLC
Maegan,Garrard,mgarrardks@wikipedia.org,Hettinger-Rice
Kesley,Cottill,kcottillkt@foxnews.com,"O'Keefe, Rohan and Bauch"
Mitchel,Odam,modamku@webs.com,Ratke-Connelly
Alikee,Rookes,arookeskv@mashable.com,Grimes-Mitchell
Jeane,Holde,jholdekw@sina.com.cn,Kiehn-Funk
Tildi,Giblin,tgiblinkx@weibo.com,Frami-Hirthe
Julienne,Annion,jannionky@technorati.com,Murray-Lowe
Niels,Paddy,npaddykz@vk.com,Leffler and Sons
Gamaliel,Cleyburn,gcleyburnl0@umich.edu,"Kulas, Cremin and Wintheiser"
Galina,Camili,gcamilil1@wix.com,"Douglas, Boehm and Schinner"
Lavena,Acosta,lacostal2@businessinsider.com,"Turner, Spinka and Greenholt"
Filia,Parsonson,fparsonsonl3@digg.com,Hickle LLC
Barn,Waberer,bwabererl4@seattletimes.com,Grady-Rosenbaum
Curcio,Seagrave,cseagravel5@shutterfly.com,Schultz LLC
Celinda,O' Borne,cobornel6@usnews.com,Waelchi and Sons
Eilis,Shalcras,eshalcrasl7@nyu.edu,"Wisozk, Mraz and Wisoky"
Clio,Stolz,cstolzl8@nyu.edu,"Mayer, Fritsch and Abbott"
Tiffi,Ephgrave,tephgravel9@surveymonkey.com,"Zemlak, Kris and Lubowitz"
Kaile,Baldrey,kbaldreyla@dyndns.org,Deckow LLC
Nicki,Satterley,nsatterleylb@va.gov,Predovic-Dietrich
Carlos,Rohmer,crohmerlc@istockphoto.com,Nienow Group
Hyatt,Collete,hcolleteld@howstuffworks.com,Kunde-Schulist
Mayne,McGrill,mmcgrillle@tinypic.com,"Volkman, Hauck and Krajcik"
Letisha,Keeffe,lkeeffelf@fema.gov,"Will, Stiedemann and MacGyver"
Nikolaus,Marvell,nmarvelllg@cbsnews.com,Weimann-Ziemann
Muhammad,Bernadzki,mbernadzkilh@ucsd.edu,Parker Group
Margit,Cronk,mcronkli@amazon.com,Corwin-Greenholt
Axe,Pinwell,apinwelllj@about.com,DuBuque Inc
Leland,Schruyer,lschruyerlk@japanpost.jp,"Predovic, Langworth and Block"
Phillipe,Bulger,pbulgerll@de.vu,Mosciski Group
Doris,Currier,dcurrierlm@sitemeter.com,Casper-Parker
Harli,Lindwall,hlindwallln@friendfeed.com,Buckridge-Ullrich
Gus,Aicheson,gaichesonlo@earthlink.net,"Torp, Dickens and Koch"
Nixie,Stares,nstareslp@ning.com,"Hilpert, Ullrich and Stehr"
Lora,Turner,lturnerlq@pcworld.com,Stracke-Renner
Gaynor,Bavin,gbavinlr@technorati.com,Medhurst LLC
Culley,Billingsly,cbillingslyls@unc.edu,"Abernathy, Wiegand and Predovic"
Field,Fynes,ffyneslt@skype.com,Rath Group
Kimmie,Baguley,kbaguleylu@google.com.hk,Strosin-Dicki
Curtice,Poleykett,cpoleykettlv@webnode.com,"Jacobs, Smitham and Rowe"
Philippa,Gotecliffe,pgotecliffelw@columbia.edu,Gleason-Wilderman
Dolph,Bust,dbustlx@mozilla.org,Rosenbaum Inc
Jo,Geaveny,jgeavenyly@dyndns.org,"Nikolaus, Koelpin and Price"
Olivier,Bouch,obouchlz@weebly.com,"Bashirian, Smith and Hand"
Madelaine,Dundon,mdundonm0@disqus.com,"Williamson, Erdman and Windler"
Matteo,Fiddiman,mfiddimanm1@amazon.com,Stamm and Sons
Yule,Leidecker,yleideckerm2@multiply.com,Bradtke LLC
Cecilius,McGraffin,cmcgraffinm3@squarespace.com,Harvey-Nader
Blakelee,Dulson,bdulsonm4@java.com,"Botsford, Rogahn and Sanford"
Kathy,Bedenham,kbedenhamm5@clickbank.net,"Kohler, Wintheiser and Murphy"
Thomasin,Atheis,tatheism6@ow.ly,Oberbrunner-Lang
Allison,Bampton,abamptonm7@forbes.com,Jones-McClure
Augustine,Clowton,aclowtonm8@mozilla.com,"Dickens, Rowe and Steuber"
Randee,Probert,rprobertm9@jalbum.net,"Hahn, Williamson and Kassulke"
Danny,Pritchett,dpritchettma@tripod.com,Cruickshank LLC
Chris,Sievewright,csievewrightmb@msu.edu,Simonis LLC
Niel,Sutlieff,nsutlieffmc@globo.com,Rath Group
Bern,Tatlowe,btatlowemd@cbslocal.com,Zulauf and Sons
Dean,Acuna,dacuname@adobe.com,Conroy-Schmeler
Josepha,Robet,jrobetmf@thetimes.co.uk,Kshlerin-Stracke
Jehanna,Jefford,jjeffordmg@bbc.co.uk,"Kunde, Barton and Luettgen"
Alano,Walch,awalchmh@drupal.org,"Zemlak, Miller and Bogan"
Prudence,Donner,pdonnermi@netscape.com,"Nader, Hodkiewicz and Schmidt"
Gladi,Lieber,gliebermj@google.nl,"Dooley, Hoppe and O'Connell"
Kellsie,Rawles,krawlesmk@illinois.edu,Trantow-Thompson
Hollyanne,Cauthra,hcauthraml@about.me,"Steuber, Jerde and Lebsack"
Carlyn,Howbrook,chowbrookmm@statcounter.com,"Shields, Kris and Waters"
Brittani,Kulic,bkulicmn@ft.com,Murphy Inc
Ardelia,Welsby,awelsbymo@163.com,"Kessler, Luettgen and Bernier"
Matti,Clampton,mclamptonmp@arstechnica.com,Johnston LLC
Andrew,Perkins,aperkinsmq@mediafire.com,Price Inc
Jaimie,Lidster,jlidstermr@sfgate.com,Borer-Welch
Von,Spittle,vspittlems@jimdo.com,"Considine, Lowe and Stanton"
Chrysler,Matisse,cmatissemt@youtube.com,Kutch-Smitham
Filip,Cutress,fcutressmu@cnet.com,Kilback LLC
Pennie,Fores,pforesmv@w3.org,"Klocko, Stehr and Feeney"
Quinn,Dodimead,qdodimeadmw@businessinsider.com,Mayert-Beahan
Thayne,Thorold,tthoroldmx@dagondesign.com,Beahan LLC
Emmye,Runnacles,erunnaclesmy@umich.edu,Haag-Crona
Kaylyn,Faichnie,kfaichniemz@list-manage.com,"White, Bailey and Ratke"
Brynne,Jayume,bjayumen0@comsenz.com,Pollich-Kihn
Erina,Hugueville,ehuguevillen1@ifeng.com,Becker-Bins
Denney,Maplestone,dmaplestonen2@mayoclinic.com,"Brekke, Thompson and Spinka"
Bennie,Titman,btitmann3@amazonaws.com,DuBuque LLC
Colman,Shevill,cshevilln4@nsw.gov.au,Mosciski Group
Tandy,Lodemann,tlodemannn5@nhs.uk,"Flatley, Goyette and O'Hara"
Artie,Mably,amablyn6@lulu.com,"Lowe, Gutmann and Weimann"
Shepard,Tyght,styghtn7@meetup.com,Wintheiser-DuBuque
Tamara,Garratt,tgarrattn8@deliciousdays.com,"Farrell, Robel and Stamm"
Annamaria,Row,arown9@state.tx.us,"Thiel, Aufderhar and Cummings"
Virge,Bargery,vbargeryna@bandcamp.com,Bernhard Inc
Hirsch,Falls,hfallsnb@mozilla.org,Cole LLC
Barris,Vinden,bvindennc@seattletimes.com,Stark-Mitchell
Dwain,Craigheid,dcraigheidnd@amazon.co.uk,Schimmel and Sons
Alayne,Maslin,amaslinne@upenn.edu,Reinger Group
Hubert,Purselowe,hpurselowenf@newsvine.com,Vandervort-Morissette
Doria,Drayton,ddraytonng@google.de,Harris and Sons
Timofei,Aizic,taizicnh@stanford.edu,"Romaguera, Morar and Hayes"
Cindee,Alfonso,calfonsoni@simplemachines.org,"Homenick, Heidenreich and Rogahn"
Farrand,Chadwin,fchadwinnj@rakuten.co.jp,Leffler-Blanda
Auroora,Umney,aumneynk@woothemes.com,Ferry Group
Frederick,Cawthera,fcawtheranl@vk.com,Lakin-Schroeder
Evangelin,Dorling,edorlingnm@cpanel.net,Paucek-Morissette
Ag,Slograve,aslogravenn@feedburner.com,"Jones, Macejkovic and Donnelly"
Dodi,Hillett,dhillettno@tripadvisor.com,Mayert-Kuhic
Ollie,Van den Dael,ovandendaelnp@creativecommons.org,Cassin-Schiller
Orren,Ashness,oashnessnq@webmd.com,Leuschke Inc
Glendon,Girardoni,ggirardoninr@g.co,"Beatty, Kozey and Gaylord"
Lief,Lambol,llambolns@nps.gov,Adams and Sons
Reinaldos,Edowes,redowesnt@youku.com,Mann LLC
Joy,Pedrol,jpedrolnu@ask.com,"Torphy, Christiansen and Schmitt"
Kippy,Cruikshanks,kcruikshanksnv@edublogs.org,"Marquardt, Leuschke and Morissette"
Olympia,Folshom,ofolshomnw@answers.com,Ratke Inc
Doro,Rontree,drontreenx@about.com,Klocko-Barrows
Rosetta,Pendlebury,rpendleburyny@intel.com,"Wyman, Murray and Barton"
Anette,Karmel,akarmelnz@elpais.com,Kihn-Welch
Amery,Lucas,alucaso0@lulu.com,Shanahan-Murphy
Aindrea,Wildash,awildasho1@wsj.com,"Price, Lockman and Hayes"
Meyer,Crenage,mcrenageo2@buzzfeed.com,"Ritchie, Crona and Upton"
Field,Bonson,fbonsono3@quantcast.com,"O'Reilly, Ryan and Johnston"
Faye,Hortop,fhortopo4@apache.org,"Kuvalis, Kreiger and Anderson"
Felice,Carryer,fcarryero5@cpanel.net,Heller-Boehm
Kath,Harrill,kharrillo6@ezinearticles.com,Frami-Green
Estrella,Strangeways,estrangewayso7@ted.com,"Nolan, Marvin and Kessler"
Morrie,Jacquet,mjacqueto8@printfriendly.com,Smitham and Sons
Marta,Moncarr,mmoncarro9@technorati.com,Dach-Parisian
Rozanna,Dallosso,rdallossooa@e-recht24.de,O'Reilly-Larson
Shermie,Babbidge,sbabbidgeob@army.mil,"Graham, Dickinson and Cole"
Lilia,Nellen,lnellenoc@domainmarket.com,"Gutkowski, VonRueden and Brown"
Roanna,Cordobes,rcordobesod@indiegogo.com,Klein-Prosacco
Adrien,Spellissy,aspellissyoe@dailymail.co.uk,Maggio-Maggio
Leola,Nickolls,lnickollsof@360.cn,Langworth-Sawayn
Valida,Beames,vbeamesog@gnu.org,"Marks, Senger and Rath"
Judi,Halgarth,jhalgarthoh@fda.gov,Koch-Gorczany
Sebastien,Tolson,stolsonoi@infoseek.co.jp,Nolan-Kirlin
Jennette,Geany,jgeanyoj@goo.gl,"Altenwerth, Ernser and Altenwerth"
Roby,Favel,rfavelok@uol.com.br,Fritsch Inc
Joanne,Longhorne,jlonghorneol@google.co.jp,Gutkowski-McGlynn
Tasia,Ravillas,travillasom@booking.com,Blanda-Cronin
Korella,Huish,khuishon@wufoo.com,Rowe LLC
Denni,Lassen,dlassenoo@howstuffworks.com,"Kshlerin, Lehner and McKenzie"
Baxy,Halfhide,bhalfhideop@yahoo.co.jp,Carter-Bogisich
Freeman,Avis,favisoq@macromedia.com,"Daniel, Jerde and Stanton"
Wait,Gulc,wgulcor@nbcnews.com,Koepp-Leffler
Laetitia,McCoish,lmccoishos@dmoz.org,O'Keefe-Stokes
Lucille,Conti,lcontiot@biglobe.ne.jp,Raynor-Wunsch
Katinka,Haversum,khaversumou@github.com,Lang Inc
Stoddard,Mainwaring,smainwaringov@studiopress.com,Reichert LLC
Pavel,Minghella,pminghellaow@ezinearticles.com,Friesen Group
Ade,Redit,areditox@zdnet.com,Toy LLC
Jolee,Buyers,jbuyersoy@earthlink.net,"Gulgowski, Harber and Heathcote"
Edythe,McCuis,emccuisoz@howstuffworks.com,Pollich-Macejkovic
Gamaliel,Brazener,gbrazenerp0@storify.com,"Strosin, Parker and Frami"
Linn,Kivlin,lkivlinp1@facebook.com,Morar Inc
Ron,Kubyszek,rkubyszekp2@booking.com,Nitzsche-Keebler
Alexandro,Beushaw,abeushawp3@dion.ne.jp,Purdy and Sons
Lark,Gammons,lgammonsp4@princeton.edu,Kutch Group
Borden,Froom,bfroomp5@gmpg.org,"Wilderman, Reilly and D'Amore"
Karie,Purveys,kpurveysp6@4shared.com,Balistreri-Emmerich
Bartholemy,Engel,bengelp7@tumblr.com,Ernser-Nicolas
Alexis,Akess,aakessp8@youtu.be,"Price, Hills and Hartmann"
Daveta,Larver,dlarverp9@latimes.com,"Denesik, Kessler and Crona"
Umeko,Francklin,ufrancklinpa@printfriendly.com,Morar and Sons
Alonso,Brandin,abrandinpb@google.fr,Erdman-Wuckert
Bink,Chicken,bchickenpc@sakura.ne.jp,Braun LLC
Maisey,Scranny,mscrannypd@unicef.org,Herman LLC
Olimpia,Felce,ofelcepe@epa.gov,Labadie-Grimes
Hollyanne,Markushkin,hmarkushkinpf@umn.edu,Brakus LLC
Kaitlin,MattiCCI,kmatticcipg@sbwire.com,"Hoeger, Corkery and Kuhlman"
Stanleigh,Bozier,sbozierph@rakuten.co.jp,Boyer Group
Cherie,Azema,cazemapi@theatlantic.com,"Koepp, Stamm and Koelpin"
Avivah,Joao,ajoaopj@samsung.com,Paucek-Cruickshank
Nicola,Bollum,nbollumpk@ox.ac.uk,Labadie and Sons
Laina,Pionter,lpionterpl@google.com.hk,"Crooks, Abernathy and Nicolas"
Mollee,Catherick,mcatherickpm@webmd.com,Herman Group
Carlyle,Screeton,cscreetonpn@ed.gov,Schaden and Sons
Troy,Medina,tmedinapo@twitpic.com,Terry LLC
Stavros,Hammell,shammellpp@canalblog.com,Bernier-Goyette
Barrie,Bendin,bbendinpq@eventbrite.com,Mosciski-Effertz
Arabele,Hewlings,ahewlingspr@wiley.com,Murray-Jerde
Shoshana,Sherar,ssherarps@washington.edu,Schiller-Franecki
Corty,Redgate,credgatept@ca.gov,"Gerhold, Wisozk and Turcotte"
Jacquenette,Breitler,jbreitlerpu@amazon.com,"Crooks, Kautzer and Kessler"
Merrel,Chrystal,mchrystalpv@china.com.cn,"Wilkinson, Kemmer and Prosacco"
Cherish,Nezey,cnezeypw@issuu.com,"Leuschke, Satterfield and Hahn"
Ervin,Childs,echildspx@princeton.edu,"Upton, Steuber and Cassin"
Lanette,Bedding,lbeddingpy@sfgate.com,Stanton and Sons
Mercy,Droghan,mdroghanpz@dailymotion.com,"Cummings, Cummings and Schoen"
Bartolemo,Nussey,bnusseyq0@hibu.com,Abbott-Nader
Layne,Rainforth,lrainforthq1@netvibes.com,"King, Schultz and Haley"
Eunice,Bolding,eboldingq2@amazon.de,"Beatty, Pacocha and Keebler"
Clywd,Toppes,ctoppesq3@pinterest.com,Beatty-Feil
Dory,Sirette,dsiretteq4@ihg.com,Schamberger and Sons
Stanislaw,Mereweather,smereweatherq5@ucoz.ru,Lesch-Flatley
Kore,Orable,korableq6@jalbum.net,Stanton-Grady
Clarie,Hedin,chedinq7@taobao.com,Becker and Sons
Sidoney,Lampke,slampkeq8@example.com,Lynch-Hessel
Fritz,Dale,fdaleq9@dagondesign.com,"Beier, Blanda and Denesik"
Nonah,Naire,nnaireqa@stumbleupon.com,"Kuhlman, Murphy and Stanton"
Tandi,Connikie,tconnikieqb@w3.org,Kulas-Prohaska
Hy,Billes,hbillesqc@google.de,Terry Inc
Carlos,Cheales,cchealesqd@netscape.com,Klein-Cummerata
Dedie,Silberschatz,dsilberschatzqe@artisteer.com,"Hodkiewicz, Buckridge and Greenfelder"
Lyndel,Ganders,lgandersqf@spiegel.de,"D'Amore, Langosh and Bashirian"
Adina,Gauthorpp,agauthorppqg@moonfruit.com,Wolf LLC
Adelle,Minichillo,aminichilloqh@bbc.co.uk,Dickens-Dickinson
Maurise,Garrod,mgarrodqi@europa.eu,"Satterfield, Crist and Buckridge"
Estele,Norville,enorvilleqj@stanford.edu,Windler-Crona
Vergil,Iddenden,viddendenqk@japanpost.jp,Donnelly LLC
Florette,MacVaugh,fmacvaughql@twitter.com,Jones-Spinka
Vincents,Coldbreath,vcoldbreathqm@cpanel.net,Wyman and Sons
Shurlocke,De Giorgi,sdegiorgiqn@shop-pro.jp,Hauck-Gislason
Janice,Buttler,jbuttlerqo@squidoo.com,"Veum, Jacobson and Gislason"
Allen,Swaby,aswabyqp@newsvine.com,"Grady, Prohaska and Herzog"
Sallyann,Presdie,spresdieqq@seattletimes.com,"Torphy, Gulgowski and Hamill"
Gabbey,Squibbs,gsquibbsqr@simplemachines.org,Hyatt Group
Sigismundo,Vreiberg,svreibergqs@shinystat.com,Durgan-Barrows
Ilka,Haugen,ihaugenqt@angelfire.com,Fisher Inc
Timi,Fenby,tfenbyqu@i2i.jp,Kilback-Morar
Wynn,Zavattari,wzavattariqv@godaddy.com,McKenzie Group
Dasie,Greenwell,dgreenwellqw@techcrunch.com,Rolfson and Sons
Tremayne,Corbert,tcorbertqx@canalblog.com,Lesch LLC
Hartley,Genery,hgeneryqy@slate.com,Friesen and Sons
Demetrius,Aizikovitch,daizikovitchqz@sun.com,"Schmidt, Heathcote and Will"
Ruddy,Boreland,rborelandr0@paypal.com,"Hermiston, Walker and Beatty"
Renae,Ghioni,rghionir1@privacy.gov.au,Anderson-Gaylord
Mariele,Fruish,mfruishr2@va.gov,Abbott-Mraz
Cyril,Cripwell,ccripwellr3@sun.com,"Weber, Schinner and Herman"
Abbie,Bossons,abossonsr4@theatlantic.com,"Hintz, Witting and Willms"
Nate,Brereton,nbreretonr5@spotify.com,Wuckert LLC
Kerry,Kinsett,kkinsettr6@businessweek.com,Koch and Sons
Rudy,Glyde,rglyder7@tiny.cc,Ankunding-Rodriguez
Becca,Trunby,btrunbyr8@opera.com,Nicolas Inc
Jaymie,Crackett,jcrackettr9@nydailynews.com,"Casper, Hickle and McLaughlin"
Nerte,Myring,nmyringra@hibu.com,"Rowe, Brekke and Veum"
Alexia,Cadwell,acadwellrb@myspace.com,"Nitzsche, Stanton and Erdman"
Juieta,Darycott,jdarycottrc@livejournal.com,Howell-Batz
Petr,Dandison,pdandisonrd@t.co,Rempel Group
Edgardo,Hardiker,ehardikerre@joomla.org,Hickle-Cummerata
Eddi,Washtell,ewashtellrf@msu.edu,Marvin-Connelly
Pris,Dwerryhouse,pdwerryhouserg@yellowpages.com,VonRueden-Brakus
Sharleen,O'Lagen,solagenrh@printfriendly.com,Cole Inc
Erwin,Renton,erentonri@sogou.com,"Rutherford, Bauch and Mueller"
Storm,Cadwell,scadwellrj@springer.com,Gibson-Conn
Egon,O'Connor,eoconnorrk@skype.com,"Bayer, O'Hara and Lesch"
Saxon,Roskell,sroskellrl@cargocollective.com,"Bradtke, Yost and Homenick"
Tania,Winteringham,twinteringhamrm@dell.com,"Hammes, Borer and Fahey"
Janis,Milkeham,jmilkehamrn@canalblog.com,"Beatty, Zulauf and Schimmel"
Pip,Patington,ppatingtonro@wordpress.org,Beahan-Dach
Tallie,De Giorgio,tdegiorgiorp@twitter.com,Haley and Sons
Gloria,Duggen,gduggenrq@bigcartel.com,"King, Hudson and Lubowitz"
Allie,Ayshford,aayshfordrr@nsw.gov.au,Kohler-Bailey
